{"content": "SEA LAND\n(Saikrupa)\nBar & Restaurant\nOpp.L&T,Gate No.6\nSaki Vihar Road,\nPowai, Mumbai 400072\nPh:28578817,16\nMob:9594975484,9\n9967785197\nTAX INVOICE\n2666\nDate: 28/02/20\nBill No. :\nPBOY: COUNTER\nParticulars\nQty Rate Amount\nVEG TRIPLE SEZ FRIED\n1 200\n200\nRICE\nCOLD DRINK(500ML)\n50\n50\nSub Total :\n250.00\nSGST 82.5% :\n6.25\nCGST @2.5% :\n6.25\nFood Total :\n262.50\nRnd Amt :\n-0.50\n2/2\nTotal :\n262\nGST NO. 27AAIPS4809H1ZE\n(03:30 PM)\nVisit Again\nE.RO.E.\nThank You\n1 COLD DRINK (50OML) (THAMS UP)\n", "annotation": [{"label": ["Store name"], "points": [{"start": 0, "end": 36, "text": "SEA LAND\n(Saikrupa)\nBar & Restaurant"}]}, {"label": ["Store address"], "points": [{"start": 37, "end": 92, "text": "Opp.L&T,Gate No.6\nSaki Vihar Road,\nPowai, Mumbai 400072"}]}, {"label": ["Total bill amount"], "points": [{"start": 349, "end": 355, "text": "262.50"}]}]}
{"content": "SEA LAND\n(Saikrupa)\nBar & Restaurant\nOpp.L&T,Gate No.6\nSaki Vihar Road,\nPowai, Mumbai 400072\nPh:28578817,16\nMob:9594975484,9\n9967785197\nTAX INVOICE\n2666\nDate: 28/02/20\nBill No. :\nPBOY: COUNTER\nParticulars\nQty Rate Amount\nVEG TRIPLE SEZ FRIED\n1 200\n200\nRICE\nCOLD DRINK(500ML)\n50\n50\nSub Total :\n250.00\nSGST 82.5% :\n6.25\nCGST @2.5% :\n6.25\nFood Total :\n262.50\nRnd Amt :\n-0.50\n2/2\nTotal :\n262\nGST NO. 27AAIPS4809H1ZE\n(03:30 PM)\nVisit Again\nE.RO.E.\nThank You\n1 COLD DRINK (50OML) (THAMS UP)\n", "annotation": [{"label": ["Date"], "points": [{"start": 159, "end": 167, "text": "28/02/20"}]}, {"label": ["Invoice number"], "points": [{"start": 148, "end": 153, "text": "2666\n"}]}, {"label": ["Time"], "points": [{"start": 413, "end": 421, "text": "03:30 PM"}]}, {"label": ["Store address"], "points": [{"start": 37, "end": 92, "text": "Opp.L&T,Gate No.6\nSaki Vihar Road,\nPowai, Mumbai 400072"}]}, {"label": ["GSTIN"], "points": [{"start": 396, "end": 411, "text": "27AAIPS4809H1ZE"}]}]}
{"content": "Burger King India Pvt. Ltd.\nUnit No. S-40, Second Floor. Phoenix Marke\nNo.142,Velachery Chennai\n04466653840\n30IONNI JIV13\nGST NO. 33AAFCB7044K2ZN\nInvoice No. 22040 001 0001012\nOrder175\nHost: Vimalkumar\nOrder175\n31/12/2019\n11:19 PM\nOrder Type: Take Away\n158.00\n2 King Egg Max (@79.00)\n3 Crispy Chicken-Makhani (@70.00)\nCRISPY VEG SUPREME\n210.00\nReg Pepsi\n73.00\nSubtotal\n496.00\nCGST 2.5% Tax\n12.40\nSGST 2.5% Tax\n12.40\nTotal Tax\n24.80\nTotal\n520.80\nPlutus CC\nAuth:678371\nRs.520.80\nService Category: Restaurant Service\nS\u1ea0C Code 9963\nCIN: U55204MH2013FTC249986\nCheck Closed\nShare your feedback & get 10% off\nVisit: www.ind.tellburgerking.com\nStore ID : 22040\nCode :634-722-020-110-322-0\nWrite Discount code after Survey below.\nCode:\nHandover the bill for Discount\nDiscount vaild for 30 days.\n", "annotation": [{"label": ["Date"], "points": [{"start": 211, "end": 221, "text": "31/12/2019"}]}, {"label": ["GSTIN"], "points": [{"start": 130, "end": 145, "text": "33AAFCB7044K2ZN"}]}, {"label": ["Items"], "points": [{"start": 344, "end": 353, "text": "Reg Pepsi"}]}, {"label": ["Items"], "points": [{"start": 318, "end": 336, "text": "CRISPY VEG SUPREME"}]}, {"label": ["Items"], "points": [{"start": 286, "end": 308, "text": "Crispy Chicken-Makhani"}]}, {"label": ["Items"], "points": [{"start": 262, "end": 274, "text": "King Egg Max"}]}, {"label": ["Store name"], "points": [{"start": 0, "end": 26, "text": "Burger King India Pvt. Ltd"}]}, {"label": ["Store address"], "points": [{"start": 28, "end": 95, "text": "Unit No. S-40, Second Floor. Phoenix Marke\nNo.142,Velachery Chennai"}]}, {"label": ["Total bill amount"], "points": [{"start": 470, "end": 476, "text": "520.80"}]}, {"label": ["Invoice number"], "points": [{"start": 158, "end": 175, "text": "22040 001 0001012"}]}]}
{"content": "Welcome to Belgian Waffle\nBridg\n\u0422\u0443\u0440\u0435: \u0422\u0410\u041a\u0415 AWAY\nBill No. :1925\nDelivery Boy:\nDate:2019-11-28 18:41:46\nKots:0\nItem\nQty\nAmt\nCHOCOLATE O\nVERLOAD (MILK\n1\n133.33\nTotal Qty:\n1\nSubTotal :\n133.33\nGST05%\n6.67\nCGST @2.5\n3.33\nSGST C2. 5\n3.33\nRound OfE:\n0.00\nTotal Invoice Value\n140\nPayment Detail:\nCash\n140.00\nWe Value your feedback, write us\ninfo@thebelgianwaffle.co\nThank you visit again!!!\nPowered by\nPOSist\n", "annotation": [{"label": ["Date"], "points": [{"start": 82, "end": 92, "text": "2019-11-28"}]}, {"label": ["Time"], "points": [{"start": 93, "end": 101, "text": "18:41:46"}]}, {"label": ["Store name"], "points": [{"start": 11, "end": 31, "text": "Belgian Waffle\nBridg"}]}, {"label": ["Total bill amount"], "points": [{"start": 292, "end": 298, "text": "140.00"}]}, {"label": ["type"], "points": [{"start": 38, "end": 47, "text": "\u0422\u0410\u041a\u0415 AWAY"}]}]}
{"content": "Welcome to Belgian Waffle\nBridg\n\u0422\u0443\u0440\u0435: \u0422\u0410\u041a\u0415 AWAY\nBill No. :1925\nDelivery Boy:\nDate:2019-11-28 18:41:46\nKots:0\nItem\nQty\nAmt\nCHOCOLATE O\nVERLOAD (MILK\n1\n133.33\nTotal Qty:\n1\nSubTotal :\n133.33\nGST05%\n6.67\nCGST @2.5\n3.33\nSGST C2. 5\n3.33\nRound OfE:\n0.00\nTotal Invoice Value\n140\nPayment Detail:\nCash\n140.00\nWe Value your feedback, write us\ninfo@thebelgianwaffle.co\nThank you visit again!!!\nPowered by\nPOSist\n", "annotation": [{"label": ["Invoice number"], "points": [{"start": 58, "end": 62, "text": "1925"}]}, {"label": ["Date"], "points": [{"start": 82, "end": 92, "text": "2019-11-28"}]}, {"label": ["Time"], "points": [{"start": 93, "end": 101, "text": "18:41:46"}]}, {"label": ["Items"], "points": [{"start": 122, "end": 142, "text": "CHOCOLATE O\nVERLOAD "}]}, {"label": ["Total bill amount"], "points": [{"start": 292, "end": 298, "text": "140.00"}]}]}
{"content": "Welcome to Belgian Waffle\nBridg\n\u0422\u0443\u0440\u0435: \u0422\u0410\u041a\u0415 AWAY\nBill No. :1925\nDelivery Boy:\nDate:2019-11-28 18:41:46\nKots:0\nItem\nQty\nAmt\nCHOCOLATE O\nVERLOAD (MILK\n1\n133.33\nTotal Qty:\n1\nSubTotal :\n133.33\nGST05%\n6.67\nCGST @2.5\n3.33\nSGST C2. 5\n3.33\nRound OfE:\n0.00\nTotal Invoice Value\n140\nPayment Detail:\nCash\n140.00\nWe Value your feedback, write us\ninfo@thebelgianwaffle.co\nThank you visit again!!!\nPowered by\nPOSist\n", "annotation": [{"label": ["Date"], "points": [{"start": 82, "end": 92, "text": "2019-11-28"}]}, {"label": ["Invoice number"], "points": [{"start": 58, "end": 62, "text": "1925"}]}, {"label": ["Items"], "points": [{"start": 122, "end": 141, "text": "CHOCOLATE O\nVERLOAD"}]}, {"label": ["Total bill amount"], "points": [{"start": 292, "end": 298, "text": "140.00"}]}]}
{"content": "SEA LAND\n(Saikrupa)\nBar & Restaurant\nOpp.L&T,Gate No.6\nSaki Vihar Road,\nPowai, Mumbai 400072\nPh:28578817,16\nMob:9594975484,9\n9967785197\nTAX INVOICE\n2666\nDate: 28/02/20\nBill No. :\nPBOY: COUNTER\nParticulars\nQty Rate Amount\nVEG TRIPLE SEZ FRIED\n1 200\n200\nRICE\nCOLD DRINK(500ML)\n50\n50\nSub Total :\n250.00\nSGST 82.5% :\n6.25\nCGST @2.5% :\n6.25\nFood Total :\n262.50\nRnd Amt :\n-0.50\n2/2\nTotal :\n262\nGST NO. 27AAIPS4809H1ZE\n(03:30 PM)\nVisit Again\nE.RO.E.\nThank You\n1 COLD DRINK (50OML) (THAMS UP)\n", "annotation": [{"label": ["Date"], "points": [{"start": 158, "end": 167, "text": " 28/02/20"}]}, {"label": ["Total bill amount"], "points": [{"start": 384, "end": 387, "text": "262"}]}, {"label": ["Items"], "points": [{"start": 221, "end": 241, "text": "VEG TRIPLE SEZ FRIED"}]}, {"label": ["Items"], "points": [{"start": 252, "end": 267, "text": "RICE\nCOLD DRINK"}]}, {"label": ["pincode"], "points": [{"start": 86, "end": 92, "text": "400072"}]}]}
{"content": "SEA LAND\n(Saikrupa)\nBar & Restaurant\nOpp.L&T,Gate No.6\nSaki Vihar Road,\nPowai, Mumbai 400072\nPh:28578817,16\nMob:9594975484,9\n9967785197\nTAX INVOICE\n2666\nDate: 28/02/20\nBill No. :\nPBOY: COUNTER\nParticulars\nQty Rate Amount\nVEG TRIPLE SEZ FRIED\n1 200\n200\nRICE\nCOLD DRINK(500ML)\n50\n50\nSub Total :\n250.00\nSGST 82.5% :\n6.25\nCGST @2.5% :\n6.25\nFood Total :\n262.50\nRnd Amt :\n-0.50\n2/2\nTotal :\n262\nGST NO. 27AAIPS4809H1ZE\n(03:30 PM)\nVisit Again\nE.RO.E.\nThank You\n1 COLD DRINK (50OML) (THAMS UP)\n", "annotation": [{"label": ["Store name"], "points": [{"start": 0, "end": 8, "text": "SEA LAND"}]}, {"label": ["Date"], "points": [{"start": 159, "end": 167, "text": "28/02/20"}]}, {"label": ["pincode"], "points": [{"start": 86, "end": 92, "text": "400072"}]}]}
